<usernotes><note questionid="fd0d7343-e152-497f-9948-9e8a531d5d3c"><s></s></note><note questionid="ff277f3c-ed73-4008-abbd-7d50b72cbc23"><s></s></note><note questionid="9eca3a66-3dc4-43e3-a5b2-99d42b7c6693"><s></s></note><note questionid="3a96b4d5-d2e7-48ae-8f7b-b17714df095d"><s></s></note><note questionid="4d42426f-5962-47e2-9024-e12afe773f5c"><s></s></note><note questionid="62c3a532-59b3-4770-91db-8d57c88080b7"><s></s></note><note questionid="13bfdf2b-d210-49f5-933a-fc5fe259a5c6"><s></s></note><note questionid="deb6a9fc-05c6-4d9e-8885-e262d3585e21"><s></s></note><note questionid="b612e3c0-7036-405d-9feb-5bc588c7bf5d"><s></s></note><note questionid="fb972b41-2166-4755-a40c-4f86d9e0c281"><s></s></note><note questionid="68f5068a-6c5f-4915-8481-166e40ca5280"><s></s></note><note questionid="2d8a1575-e6a7-47f0-b67c-a8dcb8202039"><s></s></note><note questionid="911d4d31-c96c-4ca5-a8d5-d9aa595f00d1"><s></s></note><note questionid="a67a7637-8d89-4818-bec9-510abc9dd717"><s></s></note><note questionid="601d6de2-029f-4d70-b5ae-ea50db9aa563"><s></s></note><note questionid="e66733ec-cf59-4a95-a1e8-f722151f7b89"><s></s></note><note questionid="f1bac129-1c9a-487e-a6d9-7e3c73796af7"><s></s></note><note questionid="b090c3bd-9923-412b-819d-566c99f84ab1"><s></s></note><note questionid="dca43ea9-cb89-43a2-a61b-c770841cf34f"><s></s></note><note questionid="3a1a1198-fd0b-4ce1-91d5-3f3b1a75ecec"><s></s></note><note questionid="b971a8f1-d742-446b-a316-d0d65b6ecba7"><s></s></note><note questionid="cf5e9590-9bd6-40c3-9911-68007aca5120"><s></s></note><note questionid="38c68d80-a45f-4d45-af3a-c4fa993a2d84"><s></s></note><note questionid="524cf265-dc36-4fa8-9dc9-ef7a1cd97e78"><s></s></note><note questionid="0444052c-a593-4a9f-9eb4-f1c263d9b5ee"><s></s></note><note questionid="39a2c586-1d4b-49d5-aa08-bdf00160f604"><s></s></note><note questionid="bf26849f-8dc0-45a5-9f0b-b63f00c11a8f"><s></s></note><note questionid="6aa5a807-7635-46d5-9224-033d3f77d18b"><s></s></note><note questionid="bbe0260f-02f3-48a4-8ab0-8b3b1442175a"><s></s></note><note questionid="a8b7522d-6071-48fa-b4de-3893f190de63"><s></s></note><note questionid="aa644617-9b21-4d7e-870d-9d855096941d"><s></s></note><note questionid="5d3c0d87-df35-43df-b5d0-c42596b5e321"><s></s></note><note questionid="0bf7dc15-65c2-4ff6-a57f-26682830e042"><s></s></note><note questionid="3d093f7d-70b6-4927-abb2-85b97c46341c"><s></s></note><note questionid="46514268-7164-4ae6-a54f-00d4703185a6"><s></s></note><note questionid="04eae7c3-c50f-4883-93f2-d1ed9f3a7637"><s></s></note><note questionid="533a7a07-6fcf-4568-8084-c10b99dd3c7f"><s></s></note><note questionid="107dcc95-5aa9-44eb-bc9b-91ac2e8d8eab"><s></s></note><note questionid="17d9b983-c6cd-4c4e-afc7-80ff1c84c4d8"><s></s></note><note questionid="df0b4fb8-9505-43dd-8c66-e1ec1bc0b81f"><s></s></note><note questionid="39e7ddcf-a4ce-4708-b723-59f94a0ec204"><s></s></note><note questionid="c53c5cc2-a0b3-4fa0-a3eb-6cfc269e84a4"><s></s></note><note questionid="8e92c096-1159-4d2c-83b4-f82364a17807"><s></s></note><note questionid="1e6830ff-ae01-4878-abe4-b05945e018f2"><s></s></note><note questionid="6943a7b9-2458-4eb0-9dc5-fac34307a5d6"><s></s></note><note questionid="b66ac91b-150a-4776-81c9-b628d56ab84a"><s></s></note><note questionid="eda34559-aa43-4efd-a786-9fddbf64beaa"><s></s></note><note questionid="b942c048-3019-4750-8dc1-f64b8f052f1e"><s></s></note><note questionid="4a8bfddf-83e1-4c3e-8a58-55aa75a8f482"><s></s></note><note questionid="9b41d639-a886-4ea0-ba00-6004681fba1d"><s></s></note><note questionid="f8f1153e-ee60-4a81-9070-5eeeb7754a1f"><s></s></note><note questionid="011e1671-0368-43b5-93d1-11756f21e4ea"><s></s></note><note questionid="c57bbe52-99d3-46d7-9cdd-203c12b9f6ab"><s></s></note><note questionid="e77a56a0-23ab-4ea1-bf1c-6a8952d26548"><s></s></note><note questionid="ef6f4670-c999-43b4-83f6-97f8cbd78c09"><s></s></note><note questionid="b66d47d5-0f65-47cf-9175-7040febe36fa"><s></s></note><note questionid="bb36fc26-352b-4d45-902a-5f0ae6fee3c6"><s></s></note><note questionid="7b3e3bbb-d3aa-4449-a8d5-72d50edf1dde"><s></s></note><note questionid="5328c4d5-2f2a-44b7-9e98-e388bba66c31"><s></s></note><note questionid="76df1c73-6928-4b79-b11e-5615b617cf8b"><s></s></note><note questionid="3d8b3c15-f5d6-4143-b387-d0c514377514"><s></s></note><note questionid="4c0e207e-a28c-44d1-8556-fcbb4509b6a5"><s></s></note><note questionid="c2967016-5554-42d9-a62c-af6d85a72686"><s></s></note><note questionid="daa0246b-8d96-4db8-a2e8-372cc90f4640"><s></s></note><note questionid="cabedf90-ffeb-43ba-bbcc-fc80cb31906c"><s></s></note><note questionid="2fb27aa9-6b08-455f-96d0-1796e3172ae8"><s></s></note><note questionid="0ec0a3c1-6905-4a96-b6a1-7b66ac0de32d"><s></s></note><note questionid="b4fd5766-632f-427a-a3b6-8f1aea0f1e96"><s></s></note><note questionid="060e940e-ea6d-45a0-9a0c-943865833d81"><s></s></note><note questionid="ad7c8f7c-7e65-4d1e-99bf-e87c68d79913"><s></s></note><note questionid="21f5535a-8446-42c8-9d28-e7f35bdf9a58"><s></s></note><note questionid="ed90f164-e5e0-4c46-958b-1a8399be3b1b"><s></s></note><note questionid="9873ce9b-0e15-445b-9378-10c07ac84aa9"><s></s></note></usernotes>